{"start_battery": 53, "end_battery": 35, "flight_log": [[53.480409, -2.262954666666666], [53.480411333333336, -2.262986444444444], [53.480404888888906, -2.263055], [53.48036533333333, -2.263164111111111]]}